Title,Note,URL,Tags,Comment
,,,,
56 Bogart St,,https://www.google.com/maps/place/56+Bogart+St/data=!4m2!3m1!1s0x89c25c00fe4119ad:0x80bfea2c85bf1071,,
Tabaré Bushwick,,https://www.google.com/maps/place/Tabar%C3%A9+Bushwick/data=!4m2!3m1!1s0x89c25d44cc8e45f3:0x196703290192315e,,
Klom Klorm,,https://www.google.com/maps/place/Klom+Klorm/data=!4m2!3m1!1s0x89c25d6d41e21593:0x94c6ae1d6f2e1176,,
The Active Space,,https://www.google.com/maps/place/The+Active+Space/data=!4m2!3m1!1s0x89c25ea8402c70bf:0x5a989c05144a5474,,
Brooklyn Brush Studios,,https://www.google.com/maps/place/Brooklyn+Brush+Studios/data=!4m2!3m1!1s0x89c25ea8030cba1f:0xe42263c9b41eb7ff,,
WORTHLESSSTUDIOS,,https://www.google.com/maps/place/WORTHLESSSTUDIOS/data=!4m2!3m1!1s0x89c25d3468585fef:0x823960b90bbc1e7e,,
The Bushwick Collective,,https://www.google.com/maps/place/The+Bushwick+Collective/data=!4m2!3m1!1s0x89c25f8a658ad267:0xea3dfc8a4484947d,,
Moonzescope,,https://www.google.com/maps/place/Moonzescope/data=!4m2!3m1!1s0x89c2595ebc6f5f2d:0x4fa08e86c64e7d6f,,
Eli Klein Gallery,,https://www.google.com/maps/place/Eli+Klein+Gallery/data=!4m2!3m1!1s0x89c2598e75fce01f:0x599ea1d809ebd78b,,
Zürcher Gallery,,https://www.google.com/maps/place/Z%C3%BCrcher+Gallery/data=!4m2!3m1!1s0x89c2598569e3ccd7:0x30d6706ec6b3b8c,,
Hall des Lumières,,https://www.google.com/maps/place/Hall+des+Lumi%C3%A8res/data=!4m2!3m1!1s0x89c25bc6f59bb035:0xd3737b4399aaac7f,,
TF Chen Cultural Center,,https://www.google.com/maps/place/TF+Chen+Cultural+Center/data=!4m2!3m1!1s0x89c2598f2fa35d93:0xf18bd4d16f0b89a8,,
EDEN (Eden Gallery) - SoHo,,https://www.google.com/maps/place/EDEN+(Eden+Gallery)+-+SoHo/data=!4m2!3m1!1s0x89c2598bf0b2abfb:0x1b3d2bffdb898257,,
EDEN,,https://www.google.com/maps/place/EDEN/data=!4m2!3m1!1s0x89c259dd7a4a8c93:0x7c2b3dc079b739b4,,
Ronald Feldman Gallery,,https://www.google.com/maps/place/Ronald+Feldman+Gallery/data=!4m2!3m1!1s0x89c2598bc959625d:0x9164352bc5305938,,
Eric Firestone Gallery,,https://www.google.com/maps/place/Eric+Firestone+Gallery/data=!4m2!3m1!1s0x89c2599abb1f6e61:0xc572f82c6f4568f7,,
RAINRAIN,,https://www.google.com/maps/place/RAINRAIN/data=!4m2!3m1!1s0x89c25973072b6709:0x7982b2c3116b5898,,
Jeffrey Deitch,,https://www.google.com/maps/place/Jeffrey+Deitch/data=!4m2!3m1!1s0x89c2598baf3f6075:0x882ac0d144e4013e,,
Jack Shainman Gallery,,https://www.google.com/maps/place/Jack+Shainman+Gallery/data=!4m2!3m1!1s0x89c25b15c51b10ad:0x354f0281ff9f259f,,
Jack Shainman Gallery,,https://www.google.com/maps/place/Jack+Shainman+Gallery/data=!4m2!3m1!1s0x89c25b533ca64e5b:0xcc81728001a54507,,
Soho Live,,https://www.google.com/maps/place/Soho+Live/data=!4m2!3m1!1s0x89c25b005b3376ab:0x630b84cc1ec2c1be,,
The Museum of Interesting Things Secret Speakeasy,,https://www.google.com/maps/place/The+Museum+of+Interesting+Things+Secret+Speakeasy/data=!4m2!3m1!1s0x89c2598dc65e8999:0x83212ff1ee29d1d5,,
SoHo Cast Iron Historic District,,https://www.google.com/maps/place/SoHo+Cast+Iron+Historic+District/data=!4m2!3m1!1s0x89c25922bc0f9667:0x113b25485bd1acc2,,
The Museum of Interesting Things,,https://www.google.com/maps/place/The+Museum+of+Interesting+Things/data=!4m2!3m1!1s0x89c2599a6bbb0f39:0x390b6a03096e017b,,
Lafayette 148 New York | Greene Street,,https://www.google.com/maps/place/Lafayette+148+New+York+%7C+Greene+Street/data=!4m2!3m1!1s0x89c25972d49f9ed3:0x2b85c9e5c2e53795,,
Lafayette 148 New York | Brooklyn Navy Yard Outlet Store,,https://www.google.com/maps/place/Lafayette+148+New+York+%7C+Brooklyn+Navy+Yard+Outlet+Store/data=!4m2!3m1!1s0x89c25b57d095a5f1:0xe38b9a2ae8efb31e,,
Lafayette 148 New York | Madison Avenue New York,,https://www.google.com/maps/place/Lafayette+148+New+York+%7C+Madison+Avenue+New+York/data=!4m2!3m1!1s0x89c25913954f2983:0x8b5b4ee87a55e395,,
Kith Manhattan,,https://www.google.com/maps/place/Kith+Manhattan/data=!4m2!3m1!1s0x89c2598ff040cb61:0x3dbdf07ffd24d337,,
161 Lafayette,,https://www.google.com/maps/place/161+Lafayette/data=!4m2!3m1!1s0x89c25971e3eb18d5:0x75aaa2712b102813,,
161 Lafayette St,,https://www.google.com/maps/place/161+Lafayette+St/data=!4m2!3m1!1s0x89c25989a2949c8f:0x7706e6d5eedd44db,,
Jack's Wife Freda,,https://www.google.com/maps/place/Jack's+Wife+Freda/data=!4m2!3m1!1s0x89c2593cea7360c9:0x604ef6b70d1e3541,,
Jack's Wife Freda,,https://www.google.com/maps/place/Jack's+Wife+Freda/data=!4m2!3m1!1s0x89c259c03f456ccb:0x566b7c36e855e90b,,
Jack's Wife Freda,,https://www.google.com/maps/place/Jack's+Wife+Freda/data=!4m2!3m1!1s0x89c25988d7b58803:0x1dd33c62aeb2a76a,,
Jack's Wife Freda,,https://www.google.com/maps/place/Jack's+Wife+Freda/data=!4m2!3m1!1s0x89c259925f68f9b7:0x7efd8eed66bc4266,,
Le Coucou,,https://www.google.com/maps/place/Le+Coucou/data=!4m2!3m1!1s0x89c25989f3630ecb:0xd048cf49523f429d,,
Lafayette Grand Café & Bakery,,https://www.google.com/maps/place/Lafayette+Grand+Caf%C3%A9+%26+Bakery/data=!4m2!3m1!1s0x89c2599ab7535b05:0xaf99878a75a0c0e3,,
Color Factory NYC,,https://www.google.com/maps/place/Color+Factory+NYC/data=!4m2!3m1!1s0x89c259d56681a999:0xfd6ccaa0f36c98ea,,
Boyar Gifts,,https://www.google.com/maps/place/Boyar+Gifts/data=!4m2!3m1!1s0x89c25921b60f22e5:0x4ae0bce648ceeeb6,,
Blue & Cream,,https://www.google.com/maps/place/Blue+%26+Cream/data=!4m2!3m1!1s0x89c259833c5db64b:0x190c917fa5f1050b,,
"260 Sample Sale, Final Sale",,"https://www.google.com/maps/place/260+Sample+Sale,+Final+Sale/data=!4m2!3m1!1s0x89c2596da3a9e76b:0xcba991ff48e5f0c7",,
"260 Sample Sale, Lafayette",,"https://www.google.com/maps/place/260+Sample+Sale,+Lafayette/data=!4m2!3m1!1s0x89c259beec4710d3:0x264a552cf20fd4b0",,
Yesterday's,,https://www.google.com/maps/place/Yesterday's/data=!4m2!3m1!1s0x89c25974645dabc9:0x51af2b6fd8003e43,,
The Red Lion | NYC,,https://www.google.com/maps/place/The+Red+Lion+%7C+NYC/data=!4m2!3m1!1s0x89c25991e8b3e73f:0x40bdec8381464f98,,
Do Not Disturb,,https://www.google.com/maps/place/Do+Not+Disturb/data=!4m2!3m1!1s0x89c2594dd082f3d5:0x39066a8ad806ac69,,
Ways and Means,,https://www.google.com/maps/place/Ways+and+Means/data=!4m2!3m1!1s0x89c25991f3d7321f:0x9e92a98664acfc4,,
L'Accolade,,https://www.google.com/maps/place/L'Accolade/data=!4m2!3m1!1s0x89c259a9355558d5:0x51569113e0d14068,,
The Mary Lane,,https://www.google.com/maps/place/The+Mary+Lane/data=!4m2!3m1!1s0x89c2596adc65fabd:0xfcbb8a5e97323af4,,
Dante West Village,,https://www.google.com/maps/place/Dante+West+Village/data=!4m2!3m1!1s0x89c2595522e3b1b9:0x1aeb5136529256a,,
John's of Bleecker Street,,https://www.google.com/maps/place/John's+of+Bleecker+Street/data=!4m2!3m1!1s0x89c25993a1376eb9:0x41ca6e3a2f6d4e74,,
The Red Pavilion,,https://www.google.com/maps/place/The+Red+Pavilion/data=!4m2!3m1!1s0x89c25f1530e22ad3:0xf5542723b6abac42,,
Sleepwalk,,https://www.google.com/maps/place/Sleepwalk/data=!4m2!3m1!1s0x89c25bbf10490c2f:0xf1f73d1549a875ad,,
The Sultan Room,,https://www.google.com/maps/place/The+Sultan+Room/data=!4m2!3m1!1s0x89c25d741129cb03:0x35a6b20448aa4208,,
L Train Vintage,,https://www.google.com/maps/place/L+Train+Vintage/data=!4m2!3m1!1s0x89c25db65c51c825:0x57b203af0f77ddbb,,
L Train Vintage,,https://www.google.com/maps/place/L+Train+Vintage/data=!4m2!3m1!1s0x89c25c052dcba4c5:0xab86536660f4241d,,
L Train Vintage,,https://www.google.com/maps/place/L+Train+Vintage/data=!4m2!3m1!1s0x89c25f9169035201:0x3948f4de5a2d22a8,,
28 Scott Vintage,,https://www.google.com/maps/place/28+Scott+Vintage/data=!4m2!3m1!1s0x89c25ea7a47e57a7:0xec8d730a1e3b91e6,,
What Mary Kept,,https://www.google.com/maps/place/What+Mary+Kept/data=!4m2!3m1!1s0x89c25d0881369f87:0xc648e3ac2fc84f80,,
Circo's Pastry Shop,,https://www.google.com/maps/place/Circo's+Pastry+Shop/data=!4m2!3m1!1s0x89c25c1b5ad5141b:0xe8a90b811052d673,,
Il Bel Paese Pizzeria & Trattoria,,https://www.google.com/maps/place/Il+Bel+Paese+Pizzeria+%26+Trattoria/data=!4m2!3m1!1s0x89c25d9132e6b367:0x77f569d0f7e1ad33,,
Pitanga,,https://www.google.com/maps/place/Pitanga/data=!4m2!3m1!1s0x89c25c1d257b1f41:0x48bb201cafe9c643,,
Nana's House Kitchen & Bar,,https://www.google.com/maps/place/Nana's+House+Kitchen+%26+Bar/data=!4m2!3m1!1s0x89c25dcb9ea1c955:0xb6aec885b84b0f07,,
Mominette Bistro,,https://www.google.com/maps/place/Mominette+Bistro/data=!4m2!3m1!1s0x89c25c0368fbe177:0x18cbc7c1188adc73,,
A-un Brooklyn,,https://www.google.com/maps/place/A-un+Brooklyn/data=!4m2!3m1!1s0x89c25d640cfbe617:0xa9a42870d9a4ce43,,
T.O.L.K.,,https://www.google.com/maps/place/T.O.L.K./data=!4m2!3m1!1s0x89c25d9b5fe3bdc9:0xea4f34f8bd3838ca,,
Werkshop Coffee Co.,,https://www.google.com/maps/place/Werkshop+Coffee+Co./data=!4m2!3m1!1s0x89c25d381844d807:0x42d10cb85bf4aef2,,
Book Club Bar,,https://www.google.com/maps/place/Book+Club+Bar/data=!4m2!3m1!1s0x89c25d8f5b9f5467:0xd86ce6f22e2a2dd2,,
FUKUROU BROOKLYN,,https://www.google.com/maps/place/FUKUROU+BROOKLYN/data=!4m2!3m1!1s0x89c25dd5c2bf348b:0x3ad8f24e94ce7f2f,,
Nook,,https://www.google.com/maps/place/Nook/data=!4m2!3m1!1s0x89c25d3acd7b7ef5:0x56bfebe04aeed83d,,
Crossroads Cafe,,https://www.google.com/maps/place/Crossroads+Cafe/data=!4m2!3m1!1s0x89c25d00424bbc6b:0x4230bbf8f91eb834,,
Vinyl Fantasy,,https://www.google.com/maps/place/Vinyl+Fantasy/data=!4m2!3m1!1s0x89c25c0376e3df8f:0x93fb9aef51776572,,
Palmetto,,https://www.google.com/maps/place/Palmetto/data=!4m2!3m1!1s0x89c25d4d2f67d28f:0xa3d7f858ef901af,,
The Three Diamond Door,,https://www.google.com/maps/place/The+Three+Diamond+Door/data=!4m2!3m1!1s0x89c25c036c162621:0xd0cd6c1540118898,,
Don Rique's,,https://www.google.com/maps/place/Don+Rique's/data=!4m2!3m1!1s0x89c25d4f01ef59c3:0x2857bfe1bd662e29,,
Danger Danger,,https://www.google.com/maps/place/Danger+Danger/data=!4m2!3m1!1s0x89c25d0439ed01a1:0x7654ddc731b66748,,
Chowa Library,,https://www.google.com/maps/place/Chowa+Library/data=!4m2!3m1!1s0x89c25d460804f449:0x1e5d3319cce6ac47,,
WORM,,https://www.google.com/maps/place/WORM/data=!4m2!3m1!1s0x89c25d3e2c9c8587:0x7ce48f6e671212cc,,
"260 Sample Sale, NoMad",,"https://www.google.com/maps/place/260+Sample+Sale,+NoMad/data=!4m2!3m1!1s0x89c259a63b66ffeb:0x85f1cf2e6ed1fa24",,
Gladstone Gallery,,https://www.google.com/maps/place/Gladstone+Gallery/data=!4m2!3m1!1s0x89c259b78dbeff41:0xa9362776653b2ebe,,
Paula Cooper Gallery,,https://www.google.com/maps/place/Paula+Cooper+Gallery/data=!4m2!3m1!1s0x89c259c78ed442bd:0x6f2ece457630512e,,
Garth Greenan Gallery,,https://www.google.com/maps/place/Garth+Greenan+Gallery/data=!4m2!3m1!1s0x89c259c784109a09:0xbd41ed6524c41974,,
Urban Jungle,,https://www.google.com/maps/place/Urban+Jungle/data=!4m2!3m1!1s0x89c25c03d0200731:0xc716b18c26c0cda0,,
Le Point Value Thrift,,https://www.google.com/maps/place/Le+Point+Value+Thrift/data=!4m2!3m1!1s0x89c25c03c7b5ba29:0xfbce9e4ff805eeb9,,
L Train Vintage,,https://www.google.com/maps/place/L+Train+Vintage/data=!4m2!3m1!1s0x89c25c015fc40247:0xd93a24bf36def326,,
Le Point Value Thrift,,https://www.google.com/maps/place/Le+Point+Value+Thrift/data=!4m2!3m1!1s0x89c25c18af938113:0x61d52cd3a54c3a4,,
Cure Thrift,,https://www.google.com/maps/place/Cure+Thrift/data=!4m2!3m1!1s0x89c25999366bfc89:0xbe33086c91fdc35f,,
Sammy's Roumanian Steak House,,https://www.google.com/maps/place/Sammy's+Roumanian+Steak+House/data=!4m2!3m1!1s0x89c2598641111ae1:0xb0c0dda861554fa9,,
Strand Bookstore,,https://www.google.com/maps/place/Strand+Bookstore/data=!4m2!3m1!1s0x89c259991086229d:0x5ecdcafc0a628a40,,
Nickey · Kehoe,,https://www.google.com/maps/place/Nickey+%C2%B7+Kehoe/data=!4m2!3m1!1s0x89c259a49e4f0745:0xb7808c6b9f41cb76,,
Quarters,,https://www.google.com/maps/place/Quarters/data=!4m2!3m1!1s0x89c259001a7aa719:0x5e754301157726ef,,
Achille Salvagni Atelier,,https://www.google.com/maps/place/Achille+Salvagni+Atelier/data=!4m2!3m1!1s0x89c259e6a22354c9:0xe6b2a01571f02658,,
modernlink,,https://www.google.com/maps/place/modernlink/data=!4m2!3m1!1s0x89c2598540cce477:0xb09bd108398e8747,,
ANTIK,,https://www.google.com/maps/place/ANTIK/data=!4m2!3m1!1s0x89c25b1d30a3d03b:0x5ab1e423907f5e7a,,
Brooklyn Botanic Garden,,https://www.google.com/maps/place/Brooklyn+Botanic+Garden/data=!4m2!3m1!1s0x89c25b0e68bf8bc1:0x57422fe45b635cda,,
abc carpet & home,,https://www.google.com/maps/place/abc+carpet+%26+home/data=!4m2!3m1!1s0x89c25ab94a6ffc7f:0x5700dcb6afa9c931,,
abc carpet & home,,https://www.google.com/maps/place/abc+carpet+%26+home/data=!4m2!3m1!1s0x89c259a22f66e37b:0x3fddb82236d24065,,
The Primary Essentials,,https://www.google.com/maps/place/The+Primary+Essentials/data=!4m2!3m1!1s0x89c2598854c9a06f:0xe720c8a06ade2c70,,
Merz b. Schwanen | Store,,https://www.google.com/maps/place/Merz+b.+Schwanen+%7C+Store/data=!4m2!3m1!1s0x89c259000743e37b:0x1a3582814b0cf39e,,
"Amelie, Maison d’Art",,"https://www.google.com/maps/place/Amelie,+Maison+d%E2%80%99Art/data=!4m2!3m1!1s0x89c259000e8e2f6f:0xc53007d8c1807923",,
The Drawing Center,,https://www.google.com/maps/place/The+Drawing+Center/data=!4m2!3m1!1s0x89c2598b90ae350d:0x2d5765673e224711,,
La DoubleJ,,https://www.google.com/maps/place/La+DoubleJ/data=!4m2!3m1!1s0x89c259f7d408fa89:0xd574d5d8cf55e3e9,,
Invisible Collection,,https://www.google.com/maps/place/Invisible+Collection/data=!4m2!3m1!1s0x89c259de5a8b0873:0x1c53cd662141cd4f,,
Mantiques Modern,,https://www.google.com/maps/place/Mantiques+Modern/data=!4m2!3m1!1s0x89c259bb4c0603fb:0xe85d3121f45c8cdf,,
Lalique Townhouse | Maison D’Artiste,,https://www.google.com/maps/place/Lalique+Townhouse+%7C+Maison+D%E2%80%99Artiste/data=!4m2!3m1!1s0x89c258faaffd8c8b:0x230553dc51598d42,,
John Derian Company Inc,,https://www.google.com/maps/place/John+Derian+Company+Inc/data=!4m2!3m1!1s0x89c25984de8225bd:0x676a068920300bb7,,
John Derian Drygoods,,https://www.google.com/maps/place/John+Derian+Drygoods/data=!4m2!3m1!1s0x89c25984ddae97fb:0x4ad3002bc709e795,,
ER HOT POT - 6TH AVE 贰火锅,,https://www.google.com/maps/place/ER+HOT+POT+-+6TH+AVE+%E8%B4%B0%E7%81%AB%E9%94%85/data=!4m2!3m1!1s0x89c259baabc1cfb9:0x6a2d38a7ef3ade,,
Dagg Thai Restaurant,,https://www.google.com/maps/place/Dagg+Thai+Restaurant/data=!4m2!3m1!1s0x89c259590dc2d9c3:0x319d7156d722b860,,
Assouline at the Plaza,,https://www.google.com/maps/place/Assouline+at+the+Plaza/data=!4m2!3m1!1s0x89c258f07d5da561:0x3c0aac48b2f3971b,,
Assouline at the Mark,,https://www.google.com/maps/place/Assouline+at+the+Mark/data=!4m2!3m1!1s0x89c2589444bf5e43:0xa774b61f58426f8e,,
Assouline at the D&D,,https://www.google.com/maps/place/Assouline+at+the+D%26D/data=!4m2!3m1!1s0x89c258e5c6e9fdf5:0x4daa39f1c32ec202,,
WatchHouse 5th Ave.,,https://www.google.com/maps/place/WatchHouse+5th+Ave./data=!4m2!3m1!1s0x89c259649c689125:0x578be17cca505252,,
KRB,,https://www.google.com/maps/place/KRB/data=!4m2!3m1!1s0x89c258be1f53cd4b:0x8b280e0ace9d1272,,
Creel and Gow,,https://www.google.com/maps/place/Creel+and+Gow/data=!4m2!3m1!1s0x89c258eba6a85a81:0xd306deda094280a0,,
Le Alfré,,https://www.google.com/maps/place/Le+Alfr%C3%A9/data=!4m2!3m1!1s0x29e5874a5ba1d4b7:0xe28565bf9ec7b5a5,,
Wildair,,https://www.google.com/maps/place/Wildair/data=!4m2!3m1!1s0x89c25a29d0319b7d:0x68b27fd63118d308,,
Minetta Tavern,,https://www.google.com/maps/place/Minetta+Tavern/data=!4m2!3m1!1s0x89c2599196190779:0xf5f0efaba6878e,,
Son del North,,https://www.google.com/maps/place/Son+del+North/data=!4m2!3m1!1s0x89c2593e36c86edb:0x775245cb6394b959,,
Via Carota,,https://www.google.com/maps/place/Via+Carota/data=!4m2!3m1!1s0x89c259937f4eb1af:0xe49ad5dc628370bb,,
L'Artusi,,https://www.google.com/maps/place/L'Artusi/data=!4m2!3m1!1s0x89c25994a2220ac7:0xb5043ebd59fcdcb6,,
JG Melon,,https://www.google.com/maps/place/JG+Melon/data=!4m2!3m1!1s0x89c258c003ad1b39:0x636a5a8ae5c286ea,,
Red Hook Tavern,,https://www.google.com/maps/place/Red+Hook+Tavern/data=!4m2!3m1!1s0x89c25b9495de42bf:0xdfa3fb7f5aea4bad,,
Lord’s,,https://www.google.com/maps/place/Lord%E2%80%99s/data=!4m2!3m1!1s0x89c25937b61177f9:0x88a963157619c831,,
Penny,,https://www.google.com/maps/place/Penny/data=!4m2!3m1!1s0x89c259fed4aa0623:0xcc49c3a759b86198,,
Dame,,https://www.google.com/maps/place/Dame/data=!4m2!3m1!1s0x89c2597ab9117853:0x5873e7824d72138a,,
Caffè Panna,,https://www.google.com/maps/place/Caff%C3%A8+Panna/data=!4m2!3m1!1s0x89c259c3202e4ca5:0xcda02870d8b15706,,
Gramercy Tavern,,https://www.google.com/maps/place/Gramercy+Tavern/data=!4m2!3m1!1s0x89c259a1820824bd:0x2b79dcdc251b8415,,
Cosme,,https://www.google.com/maps/place/Cosme/data=!4m2!3m1!1s0x89c259a16418e84f:0x3532988b2d0befec,,
Her Name is Han,,https://www.google.com/maps/place/Her+Name+is+Han/data=!4m2!3m1!1s0x89c259a86c481529:0xa094152f17b20f06,,
The Museum of Modern Art,,https://www.google.com/maps/place/The+Museum+of+Modern+Art/data=!4m2!3m1!1s0x89c258f97bdb102b:0xea9f8fc0b3ffff55,,
Madison Fare,,https://www.google.com/maps/place/Madison+Fare/data=!4m2!3m1!1s0x89c2593878a4d78b:0xf29e133268a75da3,,
Red Rooster Harlem,,https://www.google.com/maps/place/Red+Rooster+Harlem/data=!4m2!3m1!1s0x89c2f60d270bc615:0xa326bd13f740fe9c,,
Oasis Jimma Juice Bar,,https://www.google.com/maps/place/Oasis+Jimma+Juice+Bar/data=!4m2!3m1!1s0x89c2f7006faf12bf:0x4a825f1ff8937ee8,,
Oasis Jimma Juice Bar,,https://www.google.com/maps/place/Oasis+Jimma+Juice+Bar/data=!4m2!3m1!1s0x89c2f66a0bfea0d9:0x6f3aa3c3ae48c826,,
Misi,,https://www.google.com/maps/place/Misi/data=!4m2!3m1!1s0x89c259fa53acb4c3:0x75e745e94a922113,,
3 Dollar Bill,,https://www.google.com/maps/place/3+Dollar+Bill/data=!4m2!3m1!1s0x89c25b721fba39ef:0x77e96b33c1b5e8de,,
Rao's,,https://www.google.com/maps/place/Rao's/data=!4m2!3m1!1s0x89c2f5fdbf406db3:0x41676ee46d5cf8cf,,
Bong,,https://www.google.com/maps/place/Bong/data=!4m2!3m1!1s0x89c25b005b5cb5ab:0xb392c0a91a1bff41,,
Crown Shy,,https://www.google.com/maps/place/Crown+Shy/data=!4m2!3m1!1s0x89c25a16344bffff:0xd7c97b5c890e7912,,
McNally Jackson Books Seaport,,https://www.google.com/maps/place/McNally+Jackson+Books+Seaport/data=!4m2!3m1!1s0x89c25b4700d54c73:0x29696472fdc2d30e,,
Radio Bakery,,https://www.google.com/maps/place/Radio+Bakery/data=!4m2!3m1!1s0x89c259f7069ad989:0x7eadffe63191e6a5,,
Books Are Magic,,https://www.google.com/maps/place/Books+Are+Magic/data=!4m2!3m1!1s0x89c25a50e3114a39:0x25ab158c95cccde6,,
Books Are Magic,,https://www.google.com/maps/place/Books+Are+Magic/data=!4m2!3m1!1s0x89c25b490315868f:0x6f1406592e3211b6,,
Dinosaur Bar-B-Que,,https://www.google.com/maps/place/Dinosaur+Bar-B-Que/data=!4m2!3m1!1s0x89c2f64267a7c6a5:0xc32504d8a73c6ba1,,
Keens Steakhouse,,https://www.google.com/maps/place/Keens+Steakhouse/data=!4m2!3m1!1s0x89c259a92938cde7:0xa89dbb19d96569cc,,
Edith’s Sandwich Counter,,https://www.google.com/maps/place/Edith%E2%80%99s+Sandwich+Counter/data=!4m2!3m1!1s0x89c259b533959bff:0x4fe0fc46527c50b6,,
Raf's,,https://www.google.com/maps/place/Raf's/data=!4m2!3m1!1s0x89c2594d5a944f25:0x9111fd9fadca5092,,
Vato,,https://www.google.com/maps/place/Vato/data=!4m2!3m1!1s0x89c25b968bde4691:0x769e64005389f6fe,,
Sela V Hotel,,https://www.google.com/maps/place/Sela+V+Hotel/data=!4m2!3m1!1s0x89c25bc134bcceeb:0x3f95bf8efd839619,,
Underground Thrift Store,,https://www.google.com/maps/place/Underground+Thrift+Store/data=!4m2!3m1!1s0x89c25a379bcc7833:0x53fb2a7a21a9c25e,,
401 Broadway,,https://www.google.com/maps/place/401+Broadway/data=!4m2!3m1!1s0x89c2598a71754f9f:0xb32150f6ffdd3893,,
Brooklyn Flea,,https://www.google.com/maps/place/Brooklyn+Flea/data=!4m2!3m1!1s0x89c25a33c7b39d2f:0x6f1a69911ec197c2,,
SABYASACHI,,https://www.google.com/maps/place/SABYASACHI/data=!4m2!3m1!1s0x89c2590bc4964cd5:0x3ba91e98f25f64aa,,
Park Avenue Armory,,https://www.google.com/maps/place/Park+Avenue+Armory/data=!4m2!3m1!1s0x89c258ec1d12be39:0x3a5703026dd58661,,
The Morgan Library & Museum,,https://www.google.com/maps/place/The+Morgan+Library+%26+Museum/data=!4m2!3m1!1s0x89c2590738778edf:0x3ba82e23876af8d,,
Don Antonio,,https://www.google.com/maps/place/Don+Antonio/data=!4m2!3m1!1s0x89c2590efca415d1:0xfea49de2723301f9,,
Rubirosa,,https://www.google.com/maps/place/Rubirosa/data=!4m2!3m1!1s0x89c2598f361dc3b3:0xea0bcb0a8807f54c,,
L&B Spumoni Gardens,,https://www.google.com/maps/place/L%26B+Spumoni+Gardens/data=!4m2!3m1!1s0x89c2445522653dab:0xbd45b8d4c4d774c9,,
Lucali,,https://www.google.com/maps/place/Lucali/data=!4m2!3m1!1s0x89c25a593142dedf:0xf29a33ff1f0b6ab7,,
Una Pizza Napoletana,,https://www.google.com/maps/place/Una+Pizza+Napoletana/data=!4m2!3m1!1s0x89c25983f90bb601:0xa85e9b098e3afb21,,
Randall's Island Park,,https://www.google.com/maps/place/Randall's+Island+Park/data=!4m2!3m1!1s0x89c2f5fad0d08567:0x4ada181916f32de3,,
The Living Room Bar & Lounge,,https://www.google.com/maps/place/The+Living+Room+Bar+%26+Lounge/data=!4m2!3m1!1s0x89c2590068c3ca75:0x190824711469c6eb,,
The Nines,,https://www.google.com/maps/place/The+Nines/data=!4m2!3m1!1s0x89c25998def2f209:0x20226532db7c1e62,,
Casa Tua New York,,https://www.google.com/maps/place/Casa+Tua+New+York/data=!4m2!3m1!1s0x89c259b5ab45a827:0x47d9c78520589fb,,
Bar Bianchi,,https://www.google.com/maps/place/Bar+Bianchi/data=!4m2!3m1!1s0x89c2596d9607f0bf:0x54aaf6a2b199f070,,
Tiki Disco,,https://www.google.com/maps/place/Tiki+Disco/data=!4m2!3m1!1s0x89c25c00e7023185:0x39592831cc95c0c,,
PORTA,,https://www.google.com/maps/place/PORTA/data=!4m2!3m1!1s0x89c25b76d04b1d47:0x750cac0c3fb72cc3,,
Yesterday's News Antiques and Collectibles,,https://www.google.com/maps/place/Yesterday's+News+Antiques+and+Collectibles/data=!4m2!3m1!1s0x89c25a585c27fb4d:0xba69e28e2d3344b4,,
Mercer Labs,,https://www.google.com/maps/place/Mercer+Labs/data=!4m2!3m1!1s0x89c25b852e228955:0x8a5c3f2c176a4b84,,
Isle of Us,,https://www.google.com/maps/place/Isle+of+Us/data=!4m2!3m1!1s0x89c259f19b1ce4bd:0x99c8d7da4b656ae6,,
The Clocktower,,https://www.google.com/maps/place/The+Clocktower/data=!4m2!3m1!1s0x89c259a6b4f8f17b:0x1db8e54f33fea220,,
The Polo Bar,,https://www.google.com/maps/place/The+Polo+Bar/data=!4m2!3m1!1s0x89c258fa56f86f63:0xe55c54ab602c385e,,
Holywater,,https://www.google.com/maps/place/Holywater/data=!4m2!3m1!1s0x89c25ba34fac158f:0xd5ec1ac688554da9,,
Primo's,,https://www.google.com/maps/place/Primo's/data=!4m2!3m1!1s0x89c25a1f09f43569:0x7cd7d5b05f8eacb2,,
Bar Room at the Beekman,,https://www.google.com/maps/place/Bar+Room+at+the+Beekman/data=!4m2!3m1!1s0x89c25b01f1254ac3:0x3948092fa5b9eeeb,,
Balloon Museum NYC - DAYDREAM,,https://www.google.com/maps/place/Balloon+Museum+NYC+-+DAYDREAM/data=!4m2!3m1!1s0x89c25b6814a5cf05:0x9366627644e45abe,,
Old Mates Pub,,https://www.google.com/maps/place/Old+Mates+Pub/data=!4m2!3m1!1s0x89c25b0043abc6d7:0xfb7fb9ee9fbc83cd,,
Laissez Faire,,https://www.google.com/maps/place/Laissez+Faire/data=!4m2!3m1!1s0x89c25b287e560fb9:0x11be876f03cbf4dc,,
Society of Illustrators,,https://www.google.com/maps/place/Society+of+Illustrators/data=!4m2!3m1!1s0x89c258ef188bf361:0x44925385bb0ff2af,,
Le Bar Penelope,,https://www.google.com/maps/place/Le+Bar+Penelope/data=!4m2!3m1!1s0x89c2590057f4fecb:0x36ae478702308d9d,,
The Standard Biergarten,,https://www.google.com/maps/place/The+Standard+Biergarten/data=!4m2!3m1!1s0x89c259c06677ef37:0x89e03792aff2ef31,,
Spring Lounge,/,https://www.google.com/maps/place/Spring+Lounge/data=!4m2!3m1!1s0x89c25988c901a457:0x5d26cdf6e52b4fc,,
Gospel,,https://www.google.com/maps/place/Gospel/data=!4m2!3m1!1s0x89c2598f6c62133b:0x50dcebd56021455c,,
BONDST,,https://www.google.com/maps/place/BONDST/data=!4m2!3m1!1s0x89c259855438bbb1:0xe34ae3f4a761f5e5,,
Jac's on Bond,/,https://www.google.com/maps/place/Jac's+on+Bond/data=!4m2!3m1!1s0x89c259d7a9615345:0x269481eb8709d6b5,,
Two Doors Down,/,https://www.google.com/maps/place/Two+Doors+Down/data=!4m2!3m1!1s0x89c259c2c5ec889f:0xb966ec664c648641,,
Maison Nur,https://www.studiomaisonnur.com,https://www.google.com/maps/place/Maison+Nur/data=!4m2!3m1!1s0x89c259deb337a13b:0xb2f408530e649947,,
PUBLIC Hotel,,https://www.google.com/maps/place/PUBLIC+Hotel/data=!4m2!3m1!1s0x89c25984338e8f61:0x9c45c71d0bc40ebc,,
Cafe Wha?,,https://www.google.com/maps/place/Cafe+Wha%3F/data=!4m2!3m1!1s0x89c259922a0f1d41:0x871f2073371fb93e,,
People’s,,https://www.google.com/maps/place/People%E2%80%99s/data=!4m2!3m1!1s0x89c259006a76d7d1:0x607a6be7c0687708,,
VIRGO New York,,https://www.google.com/maps/place/VIRGO+New+York/data=!4m2!3m1!1s0x89c25967aa6fe695:0x304b27856d050d5c,,
Nightmoves,,https://www.google.com/maps/place/Nightmoves/data=!4m2!3m1!1s0x89c259ad2d95ba95:0xc913b1fd717235f4,,
Old Flings,,https://www.google.com/maps/place/Old+Flings/data=!4m2!3m1!1s0x89c25983acebec83:0x59ca0e6a59444dc9,,
Berlin,,https://www.google.com/maps/place/Berlin/data=!4m2!3m1!1s0x89c25983ace9a389:0xf40518f51a642dd8,,
Café Lyria,,https://www.google.com/maps/place/Caf%C3%A9+Lyria/data=!4m2!3m1!1s0x89c259f56e035771:0x1a404262f72adc1f,,
St Jardim,,https://www.google.com/maps/place/St+Jardim/data=!4m2!3m1!1s0x89c25940f3ee3e41:0x2606ecf41aeec2e4,,
Cervo's,,https://www.google.com/maps/place/Cervo's/data=!4m2!3m1!1s0x89c25a29ae24f5a7:0x3aee6cc9e61230b4,,
Limusina,,https://www.google.com/maps/place/Limusina/data=!4m2!3m1!1s0x89c25902b6621ae9:0x8746eb1edd2d2edc,,
Café Mulberry,,https://www.google.com/maps/place/Caf%C3%A9+Mulberry/data=!4m2!3m1!1s0x89c2590029b0fc3b:0xb44ab51123224069,,
Drai's Supper Club New York,,https://www.google.com/maps/place/Drai's+Supper+Club+New+York/data=!4m2!3m1!1s0x89c259278a7b3129:0xca69d869bae8c2df,,
Peachy's,,https://www.google.com/maps/place/Peachy's/data=!4m2!3m1!1s0x89c25bcec241cf21:0x546ffe4b679f846f,,
Chinese Tuxedo,,https://www.google.com/maps/place/Chinese+Tuxedo/data=!4m2!3m1!1s0x89c25a26f6ae6fc9:0x621cd96c5c075b63,,
Leonetta,,https://www.google.com/maps/place/Leonetta/data=!4m2!3m1!1s0x89c2590031a521f7:0x7795c2d2d345f6a0,,
Jean's,,https://www.google.com/maps/place/Jean's/data=!4m2!3m1!1s0x89c259c3f692d34b:0x9193007689f69ac7,,
Bar Bonobo,,https://www.google.com/maps/place/Bar+Bonobo/data=!4m2!3m1!1s0x89c259f518e84313:0x35be92ba01636f37,,
Early Terrible New York City,,https://www.google.com/maps/place/Early+Terrible+New+York+City/data=!4m2!3m1!1s0x89c2595dcd868553:0xb1cff12e334e66f6,,
Lore Bathing Club,,https://www.google.com/maps/place/Lore+Bathing+Club/data=!4m2!3m1!1s0x89c2590068ed0455:0xe3f5f54f7dbfeaed,,
7 Spring,,https://www.google.com/maps/place/7+Spring/data=!4m2!3m1!1s0x89c259006186c3ef:0xfb1f6ca32c09e15f,,
Grandma Did It Better - SoHo,,https://www.google.com/maps/place/Grandma+Did+It+Better+-+SoHo/data=!4m2!3m1!1s0x89c259b3238ef2bd:0xe4bae97c3c4047f9,,
66 Greene St,,https://www.google.com/maps/place/66+Greene+St/data=!4m2!3m1!1s0x89c2598bff8a8655:0x8fa3f7271b361244,,
Eckhaus Latta,,https://www.google.com/maps/place/Eckhaus+Latta/data=!4m2!3m1!1s0x89c25bf574701bfd:0x4aa59e8a06a31dc2,,
TUMBAO,,https://www.google.com/maps/place/TUMBAO/data=!4m2!3m1!1s0x89c25b0a04bc1191:0x1fbd156370ee51f5,,
Plymouth Church,,https://www.google.com/maps/place/Plymouth+Church/data=!4m2!3m1!1s0x89c25a37a02f04e1:0x95d674db1c901acd,,
LUME Studios,,https://www.google.com/maps/place/LUME+Studios/data=!4m2!3m1!1s0x89c2598a79b33781:0xf772014e9deeee6,,
Scarr's Pizza,,https://www.google.com/maps/place/Scarr's+Pizza/data=!4m2!3m1!1s0x89c25a29b69a4a39:0xb65f303d4ac5eb82,,
Minerva's Drawing Studio,,https://www.google.com/maps/place/Minerva's+Drawing+Studio/data=!4m2!3m1!1s0x89c25987a7b13747:0x86e4b63c1c1e8b2d,,
Westbeth Artists Housing and Center for the Arts,,https://www.google.com/maps/place/Westbeth+Artists+Housing+and+Center+for+the+Arts/data=!4m2!3m1!1s0x89c259ea54c99377:0x32a8d2778a3137c5,,
Iconic Magazines - Lafayette,,https://www.google.com/maps/place/Iconic+Magazines+-+Lafayette/data=!4m2!3m1!1s0x89c259005e532e87:0x9df4a40a8b9e48d4,,
Lawton Mull Inc,,https://www.google.com/maps/place/Lawton+Mull+Inc/data=!4m2!3m1!1s0x89c258d86eedbdc9:0x9f5b9bd1bcf48405,,
The Somerset House,,https://www.google.com/maps/place/The+Somerset+House/data=!4m2!3m1!1s0x89c259192aa5c7c5:0x1fa17c7679a7d3b3,,
Sample House,,https://www.google.com/maps/place/Sample+House/data=!4m2!3m1!1s0x89c2593fcc9b65d7:0x648d7a66f74a7b95,,
Paul Rudolph Institute For Modern Architecture,,https://www.google.com/maps/place/Paul+Rudolph+Institute+For+Modern+Architecture/data=!4m2!3m1!1s0x89c258e680003e87:0x7ad3a65b66f60bb1,,
Front General Store,,https://www.google.com/maps/place/Front+General+Store/data=!4m2!3m1!1s0x89c25a339564cf3b:0x222d158c6761fcb5,,
JAMES VELORIA,,https://www.google.com/maps/place/JAMES+VELORIA/data=!4m2!3m1!1s0x89c25a2899c0a3dd:0x62fc70905802e291,,
ANCIEN,,https://www.google.com/maps/place/ANCIEN/data=!4m2!3m1!1s0x89c25b5d8fd9608b:0x80921b8a55d02fa1,,
Farmer's Daughter,,https://www.google.com/maps/place/Farmer's+Daughter/data=!4m2!3m1!1s0x89c259a5aa7313bd:0x9fec8891e9730453,,
SC103,,https://www.google.com/maps/place/SC103/data=!4m2!3m1!1s0x89c25be8fc06757b:0xce114b98a15915cf,,
Surrender Dorothy,,https://www.google.com/maps/place/Surrender+Dorothy/data=!4m2!3m1!1s0x89c2590029254de5:0x424c7727bd045ec1,,
Lara Koleji,,https://www.google.com/maps/place/Lara+Koleji/data=!4m2!3m1!1s0x89c259ad386a4b53:0xb2c055761f82b1f7,,
AFLALO,,https://www.google.com/maps/place/AFLALO/data=!4m2!3m1!1s0x89c259806e04b773:0x704341cfdd74be15,,
Shahmiri,,https://www.google.com/maps/place/Shahmiri/data=!4m2!3m1!1s0x89c25bee562cca2b:0xa3b6b7e1f22a357c,,
Outline,,https://www.google.com/maps/place/Outline/data=!4m2!3m1!1s0x89c25bffdeaf50c9:0x3e4df46bcdff5737,,
Modulightor Inc,,https://www.google.com/maps/place/Modulightor+Inc/data=!4m2!3m1!1s0x89c258e42aa8f809:0xa2274d64b71c50c3,,
The Renee and Chaim Gross Foundation,,https://www.google.com/maps/place/The+Renee+and+Chaim+Gross+Foundation/data=!4m2!3m1!1s0x89c25991c4821cbb:0x26fb52675884b881,,
Dead Letter No. 9,,https://www.google.com/maps/place/Dead+Letter+No.+9/data=!4m2!3m1!1s0x89c259b303fce25f:0x99748d24555db9a1,,
Jupiter Disco,,https://www.google.com/maps/place/Jupiter+Disco/data=!4m2!3m1!1s0x89c25ea7e6247979:0xea6a4390b37c3a3e,,
Baby's All Right,,https://www.google.com/maps/place/Baby's+All+Right/data=!4m2!3m1!1s0x89c25bdee3c329d5:0x50ecd0ad32f9d8bb,,
Market Hotel,bab,https://www.google.com/maps/place/Market+Hotel/data=!4m2!3m1!1s0x89c25c0837de4c53:0xbbaf1ec95c45885b,,
Le Bain,,https://www.google.com/maps/place/Le+Bain/data=!4m2!3m1!1s0x89c259c06677ef37:0xa4ce5b3f2e1e2aa7,,
Public Arts,,https://www.google.com/maps/place/Public+Arts/data=!4m2!3m1!1s0x89c2590dc6b97249:0x5905a55bcb5e6151,,
Outer Heaven,,https://www.google.com/maps/place/Outer+Heaven/data=!4m2!3m1!1s0x89c25969264abc61:0x2c3be2dfc512a0c9,,
Nublu,,https://www.google.com/maps/place/Nublu/data=!4m2!3m1!1s0x89c2597745d445e5:0xef5df6eaefcc9e2,,
Whitney Museum of American Art,,https://www.google.com/maps/place/Whitney+Museum+of+American+Art/data=!4m2!3m1!1s0x89c25894ea097337:0xc63f52f9d53d7889,,
Wiggle Room,,https://www.google.com/maps/place/Wiggle+Room/data=!4m2!3m1!1s0x89c259a796fa9577:0x5e02a9542df83499,,
The Ripple Room,,https://www.google.com/maps/place/The+Ripple+Room/data=!4m2!3m1!1s0x89c259004fb13eab:0x5e453c91bc0af036,,
Music For A While,,https://www.google.com/maps/place/Music+For+A+While/data=!4m2!3m1!1s0x89c259ce22f7603b:0x3d68b9f5bb985980,,
Studio 151,,https://www.google.com/maps/place/Studio+151/data=!4m2!3m1!1s0x89c2597745d445e5:0x381e02587cd2b3f1,,
Bar Orai,,https://www.google.com/maps/place/Bar+Orai/data=!4m2!3m1!1s0x89c2597fe23aed45:0x86ebb7ccf68723cb,,
929,,https://www.google.com/maps/place/929/data=!4m2!3m1!1s0x89c2591be05b9dd9:0x270fbb1ec166066c,,
NBetween,,https://www.google.com/maps/place/NBetween/data=!4m2!3m1!1s0x89c2599cbffd2137:0x2c7c961b5ba681ff,,
Watkins Glen State Park,,https://www.google.com/maps/place/Watkins+Glen+State+Park/data=!4m2!3m1!1s0x89d05f001693f04b:0x7f234172786716de,,
Stylus NYC,,https://www.google.com/maps/place/Stylus+NYC/data=!4m2!3m1!1s0x89c259006b2e3af5:0x5e08975ed3c74843,,
Unveiled New York,,https://www.google.com/maps/place/Unveiled+New+York/data=!4m2!3m1!1s0x89c259b024139d8b:0x578779960000b81,,
Casa Caribe Pizza,,https://www.google.com/maps/place/Casa+Caribe+Pizza/data=!4m2!3m1!1s0x89c25d5cc96fbb65:0x2d07a85d6a55ae6d,,
Tony's Auto Repair,,https://www.google.com/maps/place/Tony's+Auto+Repair/data=!4m2!3m1!1s0x89c25c0957102b63:0xc9377addecf14363,,
Classic Car Club Manhattan,,https://www.google.com/maps/place/Classic+Car+Club+Manhattan/data=!4m2!3m1!1s0x89c259f343030b69:0x8aab595d6cb1fc32,,
Museum of Sex,,https://www.google.com/maps/place/Museum+of+Sex/data=!4m2!3m1!1s0x89c259a642ba4d47:0xa3204d864887bb80,,
Little Shop of Soil,,https://www.google.com/maps/place/Little+Shop+of+Soil/data=!4m2!3m1!1s0x89c25da9b12008af:0xe4a8609bbb6a3ae0,,
The Chocolate Factory,,https://www.google.com/maps/place/The+Chocolate+Factory/data=!4m2!3m1!1s0x89c25f111f21aed7:0xfec14d50360962d0,,
Sunny's,,https://www.google.com/maps/place/Sunny's/data=!4m2!3m1!1s0x89c25a8f4af5c695:0x8d30779dcabbf19,,
Medusa Bar Bk,,https://www.google.com/maps/place/Medusa+Bar+Bk/data=!4m2!3m1!1s0x89c2599c1aceb9c9:0x21731e539c0b02a2,,
Pineapple Club,,https://www.google.com/maps/place/Pineapple+Club/data=!4m2!3m1!1s0x89c2594fc1580253:0x7222a1bc9eb8cef9,,
Bee's Knees & Honey Lounge,,https://www.google.com/maps/place/Bee's+Knees+%26+Honey+Lounge/data=!4m2!3m1!1s0x89c25905be7affff:0x53fda4c9d5184782,,
Suzume,,https://www.google.com/maps/place/Suzume/data=!4m2!3m1!1s0x89c259584b1c1bed:0xe6a40b82ecdc7dc8,,
56709,,https://www.google.com/maps/place/56709/data=!4m2!3m1!1s0x89c25964cf80e587:0xb6e06300702835b3,,
TERA NYC,,https://www.google.com/maps/place/TERA+NYC/data=!4m2!3m1!1s0x89c25b0018f550a7:0x558fa4e08992fe1a,,
Sake Bar Decibel,,https://www.google.com/maps/place/Sake+Bar+Decibel/data=!4m2!3m1!1s0x89c2599c6f5276fb:0xb5c170a3408fbd0d,,
Eavesdrop,,https://www.google.com/maps/place/Eavesdrop/data=!4m2!3m1!1s0x89c259fa9d09d51d:0x4589f1db20dcacf7,,
All Blues,,https://www.google.com/maps/place/All+Blues/data=!4m2!3m1!1s0x89c25b006fac1375:0xc702ebcf68785e1e,,
Tomi Jazz,,https://www.google.com/maps/place/Tomi+Jazz/data=!4m2!3m1!1s0x89c258e39ba7c455:0x54f3dcc370af689c,,
Casa Magazines,,https://www.google.com/maps/place/Casa+Magazines/data=!4m2!3m1!1s0x89c259956fbc79d3:0x29097edab47b1281,,
NO GEM,,https://www.google.com/maps/place/NO+GEM/data=!4m2!3m1!1s0x89c25b7a643187d9:0xaac3cb8801f5dff5,,
Chyelle,,https://www.google.com/maps/place/Chyelle/data=!4m2!3m1!1s0x89c25de39a2ce05d:0x604d6cf46a0c2e51,,
CIBONE O'TE,,https://www.google.com/maps/place/CIBONE+O'TE/data=!4m2!3m1!1s0x89c2596751eb1e21:0x47fa34ae20296a4e,,
Iconic Magazines,,https://www.google.com/maps/place/Iconic+Magazines/data=!4m2!3m1!1s0x89c25988ebdb920d:0xd1650091093199a7,,
Climax Books,,https://www.google.com/maps/place/Climax+Books/data=!4m2!3m1!1s0x89c259ccd0cb8577:0x417e488e439c9110,,
TAGE Gallery,,https://www.google.com/maps/place/TAGE+Gallery/data=!4m2!3m1!1s0x89c25d39c6d22897:0x202acda031f9c0e2,,
lensemble.us,,https://www.google.com/maps/place/lensemble.us/data=!4m2!3m1!1s0x89c25bce9e851311:0xc32588a9150eacb8,,
TANGERINE,,https://www.google.com/maps/place/TANGERINE/data=!4m2!3m1!1s0x89c259f0de006a5d:0xe97968eec7545e29,,
Mirth Vintage,,https://www.google.com/maps/place/Mirth+Vintage/data=!4m2!3m1!1s0x89c25945a98e474f:0xa6ea5021a347443a,,
ENDING SOON,,https://www.google.com/maps/place/ENDING+SOON/data=!4m2!3m1!1s0x89c25986409fcc41:0x806391683de44b10,,
Hommage,,https://www.google.com/maps/place/Hommage/data=!4m2!3m1!1s0x89c259c5cd977b3b:0xdc7bc7a348b05139,,
Desert Vintage,,https://www.google.com/maps/place/Desert+Vintage/data=!4m2!3m1!1s0x89c25b2f50db77c5:0xfb44fcbd9c89aa80,,
Komune,,https://www.google.com/maps/place/Komune/data=!4m2!3m1!1s0x89c259b339bb0c83:0x2105cb7ae5aa21c1,,
SORBARA’S,,https://www.google.com/maps/place/SORBARA%E2%80%99S/data=!4m2!3m1!1s0x89c2597e9072bd7b:0x7beba7f841a6da5d,,
OLD JEWELRY STORE,,https://www.google.com/maps/place/OLD+JEWELRY+STORE/data=!4m2!3m1!1s0x89c25be96e1ed675:0x6786722089abf622,,
Maimoun,,https://www.google.com/maps/place/Maimoun/data=!4m2!3m1!1s0x89c25978abb148df:0xefa37360c5dee45e,,
Tokio 7,,https://www.google.com/maps/place/Tokio+7/data=!4m2!3m1!1s0x89c2599ce97f1263:0x8f86f9029234aa46,,
Benthos,,https://www.google.com/maps/place/Benthos/data=!4m2!3m1!1s0x89c25b5bd8972fcb:0x2d10677c1bed9d4e,,
Jacqueline Sullivan Gallery,,https://www.google.com/maps/place/Jacqueline+Sullivan+Gallery/data=!4m2!3m1!1s0x89c2591d23a47bb5:0x6920e46d5dfdb7ac,,
Casa Valle,,https://www.google.com/maps/place/Casa+Valle/data=!4m2!3m1!1s0x89c2598a71909ac7:0x308b53caacd032db,,
TIWA Gallery,,https://www.google.com/maps/place/TIWA+Gallery/data=!4m2!3m1!1s0x89c2598ba2990b51:0x347668629daea1c9,,
James Rose Center for Landscape Architectural Research and Design,,https://www.google.com/maps/place/James+Rose+Center+for+Landscape+Architectural+Research+and+Design/data=!4m2!3m1!1s0x89c2e4b10545b7a5:0xf0a443b6dd944d88,,
MANITOGA / The Russel Wright Design Center,,https://www.google.com/maps/place/MANITOGA+%2F+The+Russel+Wright+Design+Center/data=!4m2!3m1!1s0x89c2cc1baad6b24d:0x8f52d83c9fe04cff,,
Gagosian Shop,,https://www.google.com/maps/place/Gagosian+Shop/data=!4m2!3m1!1s0x89c2589458f3a7a3:0x920a45d79c7cc9ae,,
Gagosian,,https://www.google.com/maps/place/Gagosian/data=!4m2!3m1!1s0x89c258945f32ec7b:0x567be985ff1560e7,,
Gagosian,,https://www.google.com/maps/place/Gagosian/data=!4m2!3m1!1s0x89c258945994e09f:0x1db7c4936f57c96d,,
Gagosian,,https://www.google.com/maps/place/Gagosian/data=!4m2!3m1!1s0x89c2589522469dc3:0x2e436ecc1258531b,,
Dia Beacon,,https://www.google.com/maps/place/Dia+Beacon/data=!4m2!3m1!1s0x89dd33d553ec0015:0x8ef011fb802a94fe,,
Dia Chelsea,,https://www.google.com/maps/place/Dia+Chelsea/data=!4m2!3m1!1s0x89c259c7f0a4a6d1:0xc40582fbcedddb47,,
Judd Foundation,,https://www.google.com/maps/place/Judd+Foundation/data=!4m2!3m1!1s0x89c2598eb9cb9901:0xbab111d772ae651b,,
RHYTHM ZERO | GREENPOINT,,https://www.google.com/maps/place/RHYTHM+ZERO+%7C+GREENPOINT/data=!4m2!3m1!1s0x89c25924d1301dfd:0xe007bdb134654609,,
RHYTHM ZERO | WEST VILLAGE,,https://www.google.com/maps/place/RHYTHM+ZERO+%7C+WEST+VILLAGE/data=!4m2!3m1!1s0x89c2590070be931d:0x4556b1e7cbad713f,,
Canyon Coffee,,https://www.google.com/maps/place/Canyon+Coffee/data=!4m2!3m1!1s0x89c25b0045b2478f:0xbcfd8bb43923ac11,,
FASAN,,https://www.google.com/maps/place/FASAN/data=!4m2!3m1!1s0x89c25b005c149975:0xcf441a7c0e129823,,
Verse,,https://www.google.com/maps/place/Verse/data=!4m2!3m1!1s0x89c25f000278e50f:0xb26905b6f0dad703,,
SEY Coffee,,https://www.google.com/maps/place/SEY+Coffee/data=!4m2!3m1!1s0x89c25c0105373fb7:0x783a86971e7d46ad,,
Maru Coffee,,https://www.google.com/maps/place/Maru+Coffee/data=!4m2!3m1!1s0x89c25900300d21cd:0xb328a0264a38784c,,
Kitaro,,https://www.google.com/maps/place/Kitaro/data=!4m2!3m1!1s0x89c25b6abe07ab25:0x1da4a8707039e9a0,,
Silence Please,,https://www.google.com/maps/place/Silence+Please/data=!4m2!3m1!1s0x89c259f1724be729:0x55e277b0b94ea0c4,,
Kettl Tea - Greenpoint,,https://www.google.com/maps/place/Kettl+Tea+-+Greenpoint/data=!4m2!3m1!1s0x89c259e1dd8c5a1d:0xa73d2d72740b45f0,,
Gem Home,,https://www.google.com/maps/place/Gem+Home/data=!4m2!3m1!1s0x89c259002fc2fa27:0xddf2485e8e1708fd,,
PARK at KIMS,,https://www.google.com/maps/place/PARK+at+KIMS/data=!4m2!3m1!1s0x89c259639237ab93:0xddef002ecbb6a00d,,
Taqueria Ramirez,,https://www.google.com/maps/place/Taqueria+Ramirez/data=!4m2!3m1!1s0x89c2598a60020f0f:0xad4c6da40d90f29b,,
Russ & Daughters Brooklyn,,https://www.google.com/maps/place/Russ+%26+Daughters+Brooklyn/data=!4m2!3m1!1s0x89c25b969742a7f5:0xbfff1f99bcde00bc,,
Russ & Daughters,,https://www.google.com/maps/place/Russ+%26+Daughters/data=!4m2!3m1!1s0x89c2591eff54bce9:0x91821a71b841c582,,
Russ & Daughters Cafe,,https://www.google.com/maps/place/Russ+%26+Daughters+Cafe/data=!4m2!3m1!1s0x89c25986daaa7ce7:0x7a4f998a3fd281a8,,
Russ & Daughters,,https://www.google.com/maps/place/Russ+%26+Daughters/data=!4m2!3m1!1s0x89c259838d0451ed:0x28bb3770b1dd464b,,
Brown Bag Sandwich Co,,https://www.google.com/maps/place/Brown+Bag+Sandwich+Co/data=!4m2!3m1!1s0x89c259e46565b80f:0x4abcdaf2d8840776,,
Brown Bag Sandwich Co,,https://www.google.com/maps/place/Brown+Bag+Sandwich+Co/data=!4m2!3m1!1s0x89c25922841d5c35:0xe44d8185e38cf1e5,,
Hamburger America,,https://www.google.com/maps/place/Hamburger+America/data=!4m2!3m1!1s0x89c259989e9ec917:0x74f027a5a0b6dcd3,,
Sushi Noz,,https://www.google.com/maps/place/Sushi+Noz/data=!4m2!3m1!1s0x89c258be35154099:0x13733f146e4856c8,,
Noz Market,,https://www.google.com/maps/place/Noz+Market/data=!4m2!3m1!1s0x89c259d21ee4b175:0xc00420119411600d,,
The Four Horsemen,,https://www.google.com/maps/place/The+Four+Horsemen/data=!4m2!3m1!1s0x89c2595f978c306d:0xc4f5e97ed7458852,,
Ha's Snack Bar,,https://www.google.com/maps/place/Ha's+Snack+Bar/data=!4m2!3m1!1s0x89c259004491e3fb:0x590b42e96cca938e,,
Mei Lai Wah,,https://www.google.com/maps/place/Mei+Lai+Wah/data=!4m2!3m1!1s0x89c25a2706a57733:0x2a57a93e7c2a324,,
Birria LES,,https://www.google.com/maps/place/Birria+LES/data=!4m2!3m1!1s0x89c25901e9d29231:0x57ef16a3a0817187,,
Birria landia,,https://www.google.com/maps/place/Birria+landia/data=!4m2!3m1!1s0x89c25b005980a14d:0x9d9c0bd42d971f2b,,
Birria-Landia,,https://www.google.com/maps/place/Birria-Landia/data=!4m2!3m1!1s0x89c2597862c1b3a7:0xd7e7c84bcac872d,,
Birria-Landia NYC,,https://www.google.com/maps/place/Birria-Landia+NYC/data=!4m2!3m1!1s0x89c259067b2bf169:0xb6b1420f7c4c6fe0,,
ACRE,,https://www.google.com/maps/place/ACRE/data=!4m2!3m1!1s0x89c2596584c3bc8b:0x59c28b1355e481c2,,
L'industrie Pizzeria - Williamsburg,,https://www.google.com/maps/place/L'industrie+Pizzeria+-+Williamsburg/data=!4m2!3m1!1s0x89c25be02249e843:0x95c3f90fbb6a4745,,
L’industrie Pizzeria - Little Italy,,https://www.google.com/maps/place/L%E2%80%99industrie+Pizzeria+-+Little+Italy/data=!4m2!3m1!1s0x89c259a8d88aad2d:0xe21d79a896e2179e,,
L’industrie Pizzeria - West Village,,https://www.google.com/maps/place/L%E2%80%99industrie+Pizzeria+-+West+Village/data=!4m2!3m1!1s0x89c2599568ac63f7:0x78fb89ff91782eb0,,
Atoboy,,https://www.google.com/maps/place/Atoboy/data=!4m2!3m1!1s0x89c259a7bd69ec67:0xcbdf16685f285b19,,
Bridges,,https://www.google.com/maps/place/Bridges/data=!4m2!3m1!1s0x89c25b5397010fe5:0x147d0e3f2b17e28e,,
Apollo Bagels,,https://www.google.com/maps/place/Apollo+Bagels/data=!4m2!3m1!1s0x89c2595380779ea9:0x84692ab80d8b2c20,,
Ichiran,,https://www.google.com/maps/place/Ichiran/data=!4m2!3m1!1s0x89c259af1989db01:0xfff4c602a3069de6,,
Apollo Bagels,,https://www.google.com/maps/place/Apollo+Bagels/data=!4m2!3m1!1s0x89c25900676cb033:0xc90eb92c90764ce3,,
Thai Villa,,https://www.google.com/maps/place/Thai+Villa/data=!4m2!3m1!1s0x89c259a3b48fdf7d:0x1b80533593b46ffa,,
Apollo Bagels,,https://www.google.com/maps/place/Apollo+Bagels/data=!4m2!3m1!1s0x89c259007ca79fdb:0xb31eb73f3b3cfd6a,,
Balthazar,,https://www.google.com/maps/place/Balthazar/data=!4m2!3m1!1s0x89c259892cccb7b7:0xbf8343b3f54c1b09,,
Apollo Bagels,,https://www.google.com/maps/place/Apollo+Bagels/data=!4m2!3m1!1s0x89c25b85f84d6d5d:0x19ed8a8d712c22d5,,
Apollo Bagels,,https://www.google.com/maps/place/Apollo+Bagels/data=!4m2!3m1!1s0x89c25b002a53030d:0xb7d9cd211160cb6c,,
Apollo Bagels,,https://www.google.com/maps/place/Apollo+Bagels/data=!4m2!3m1!1s0x89c259006b5f41ef:0x87200d2c9acee1d0,,
Apollo Bagels,,https://www.google.com/maps/place/Apollo+Bagels/data=!4m2!3m1!1s0x89c25900654eae97:0x770c4e82b00c4e2b,,
"Cooper Hewitt, Smithsonian Design Museum",,"https://www.google.com/maps/place/Cooper+Hewitt,+Smithsonian+Design+Museum/data=!4m2!3m1!1s0x89c258a2492a3fb1:0x2028546238b46dfa",,
Gabriela,,https://www.google.com/maps/place/Gabriela/data=!4m2!3m1!1s0x89c2598be0ae8c15:0x9f41f868cbda831a,,
Mood Ring,,https://www.google.com/maps/place/Mood+Ring/data=!4m2!3m1!1s0x89c25c057e2393a7:0xfaded5b981d0313,,
Paragon,,https://www.google.com/maps/place/Paragon/data=!4m2!3m1!1s0x89c25ddf44c3eae1:0x8fe51ab94b6c02c5,,
Public Records,,https://www.google.com/maps/place/Public+Records/data=!4m2!3m1!1s0x89c25ba1b892bd29:0xfb7fedf54f42e4c8,,
Signal,,https://www.google.com/maps/place/Signal/data=!4m2!3m1!1s0x89c25f34cdfa5d13:0xb7f54e16b32288f3,,
Nowadays,,https://www.google.com/maps/place/Nowadays/data=!4m2!3m1!1s0x89c25c3aa3dee0fb:0x19510f7d1351751b,,
Refuge | Hi Def Dance Club,,https://www.google.com/maps/place/Refuge+%7C+Hi+Def+Dance+Club/data=!4m2!3m1!1s0x89c25f0031a51851:0xd766372b6f4eec95,,
SILO,,https://www.google.com/maps/place/SILO/data=!4m2!3m1!1s0x89c25f29fa63ca19:0xfb2085dad80049bf,,
Good Room,,https://www.google.com/maps/place/Good+Room/data=!4m2!3m1!1s0x89c25946b09ba761:0x90af8ca50b67a075,,
BASEMENT NY,,https://www.google.com/maps/place/BASEMENT+NY/data=!4m2!3m1!1s0x89c25fd988f581fb:0xeb29051a029083ca,,
H0L0,,https://www.google.com/maps/place/H0L0/data=!4m2!3m1!1s0x89c25c25366f077b:0x3d04555d34846937,,
Superior Ingredients,,https://www.google.com/maps/place/Superior+Ingredients/data=!4m2!3m1!1s0x89c25942c8d90429:0xec3bdb30203a2ba6,,
Pacha New York,,https://www.google.com/maps/place/Pacha+New+York/data=!4m2!3m1!1s0x89c25f00594b47b1:0xa6d10c24377cb290,,
99 Scott Studio,,https://www.google.com/maps/place/99+Scott+Studio/data=!4m2!3m1!1s0x89c25ea63ceaaaab:0x1baae86195d4976a,,
Brooklyn Storehouse,,https://www.google.com/maps/place/Brooklyn+Storehouse/data=!4m2!3m1!1s0x89c25b34caa80a03:0x475c7ac2bbbca688,,
Under the ‘K’ Bridge Park,,https://www.google.com/maps/place/Under+the+%E2%80%98K%E2%80%99+Bridge+Park/data=!4m2!3m1!1s0x89c25945a62f1361:0xdcc0b0841b0623c0,,
Shinjuku Golden-Gai,,https://www.google.com/maps/place/Shinjuku+Golden-Gai/data=!4m2!3m1!1s0x60188cd96586b9af:0x71a5c0e1150c1a8f,,
Orchard St,,https://www.google.com/maps/place/Orchard+St/data=!4m2!3m1!1s0x89c25987238795d5:0x7bf9dd6d8a52b71c,,
Pierogi Boys,,https://www.google.com/maps/place/Pierogi+Boys/data=!4m2!3m1!1s0x89c25d672b36baab:0xf4e7ef16c6f51a85,,
Ornithology Jazz Club,,https://www.google.com/maps/place/Ornithology+Jazz+Club/data=!4m2!3m1!1s0x89c25d6571cc2af1:0x4da411904990a202,,
Cosmic Arts,,https://www.google.com/maps/place/Cosmic+Arts/data=!4m2!3m1!1s0x89c25c00fe711149:0x2d365b227f42739d,,
myplasticheart,,https://www.google.com/maps/place/myplasticheart/data=!4m2!3m1!1s0x89c25984402d4433:0xe1bd36db9298b715,,
Archestratus Books + Foods,,https://www.google.com/maps/place/Archestratus+Books+%2B+Foods/data=!4m2!3m1!1s0x89c2593f1590890d:0x9a9b2dc22a85b4d5,,
Paulie Gee's Slice Shop,,https://www.google.com/maps/place/Paulie+Gee's+Slice+Shop/data=!4m2!3m1!1s0x89c2591a8765c9b5:0xd91c968d7b14ffe9,,
Upside Pizza,,https://www.google.com/maps/place/Upside+Pizza/data=!4m2!3m1!1s0x89c25968ea59591f:0x9f01d3c947ae75c1,,
Mad under Chelsea,,https://www.google.com/maps/place/Mad+under+Chelsea/data=!4m2!3m1!1s0x89c2592632f9ade3:0x77f6eadb5e016798,,
Gotham Cannabis Dispensary & Delivery,,https://www.google.com/maps/place/Gotham+Cannabis+Dispensary+%26+Delivery/data=!4m2!3m1!1s0x89c2597fedea2699:0x37b45efe5b0f2982,,
Sensuous Bean of Columbus Ave,,https://www.google.com/maps/place/Sensuous+Bean+of+Columbus+Ave/data=!4m2!3m1!1s0x89c2588b198637e1:0x65b31696249fb977,,
Intelligentsia Coffee High Line Hotel Coffeebar,,https://www.google.com/maps/place/Intelligentsia+Coffee+High+Line+Hotel+Coffeebar/data=!4m2!3m1!1s0x89c259b85fddaacb:0x645e776325956862,,
Té Company,,https://www.google.com/maps/place/T%C3%A9+Company/data=!4m2!3m1!1s0x89c259943f2a65d3:0xa6e67c33cdbf8cf7,,
T Shop,,https://www.google.com/maps/place/T+Shop/data=!4m2!3m1!1s0x89c259858d9e3acd:0x4cdb3ab13df5702d,,
Bean & Bean Chelsea,,https://www.google.com/maps/place/Bean+%26+Bean+Chelsea/data=!4m2!3m1!1s0x89c259ba9cc5364b:0x9496ca47e3d2b96c,,
S&P Lunch,,https://www.google.com/maps/place/S%26P+Lunch/data=!4m2!3m1!1s0x89c259af7859cec3:0xd49f9be0fee3f52d,,
Thai Diner,,https://www.google.com/maps/place/Thai+Diner/data=!4m2!3m1!1s0x89c259e1eb6b2143:0xf8ef42b02bc96daf,,
Semma,,https://www.google.com/maps/place/Semma/data=!4m2!3m1!1s0x89c259b83bb399c5:0x85e1948bb3e567c7,,
Fish Cheeks,,https://www.google.com/maps/place/Fish+Cheeks/data=!4m2!3m1!1s0x89c259853cdfce81:0x9fddf144feac940,,
Fish Cheeks Brooklyn,,https://www.google.com/maps/place/Fish+Cheeks+Brooklyn/data=!4m2!3m1!1s0x89c259d99f7eedcf:0x79901bf63d6d7c3a,,
Ivan Ramen,,https://www.google.com/maps/place/Ivan+Ramen/data=!4m2!3m1!1s0x89c259818b17e1ad:0x397d7608ef2c28ff,,
Kuu,,https://www.google.com/maps/place/Kuu/data=!4m2!3m1!1s0x89c25a182f00e1bf:0x5e8d4a9623015b58,,
Ceres,,https://www.google.com/maps/place/Ceres/data=!4m2!3m1!1s0x89c259b36e80aa6f:0xe08722b72cd28f83,,
Ayat Bushwick,,https://www.google.com/maps/place/Ayat+Bushwick/data=!4m2!3m1!1s0x89c25d00338370b7:0x8f333f612df8bf0e,,
Mama's TOO! Pizzeria West Village,,https://www.google.com/maps/place/Mama's+TOO!+Pizzeria+West+Village/data=!4m2!3m1!1s0x89c2590062ae6aef:0x48a50aec455a2736,,
Mama's TOO! Upper West Side,,https://www.google.com/maps/place/Mama's+TOO!+Upper+West+Side/data=!4m2!3m1!1s0x89c2f624dd2aefe7:0xb86f14140d256552,,
The High Line,,https://www.google.com/maps/place/The+High+Line/data=!4m2!3m1!1s0x89c259c7840fb4e5:0x583f615c850a3c91,,
Arte Museum New York,,https://www.google.com/maps/place/Arte+Museum+New+York/data=!4m2!3m1!1s0x89c259003c10550b:0x5af05e1946d0fab5,,
American Museum of Natural History,,https://www.google.com/maps/place/American+Museum+of+Natural+History/data=!4m2!3m1!1s0x89c258f4b00f7a09:0xa27d8172624c5db1,,
The Metropolitan Museum of Art,,https://www.google.com/maps/place/The+Metropolitan+Museum+of+Art/data=!4m2!3m1!1s0x89c25896f660c26f:0x3b2fa4f4b6c6a1fa,,
House of Yes,,https://www.google.com/maps/place/House+of+Yes/data=!4m2!3m1!1s0x89c25eab37fd60ef:0x1ff34649b0a304c9,,
tihngs,,https://www.google.com/maps/place/tihngs/data=!4m2!3m1!1s0x89c25daf0dfb80e5:0x623e95a92cdd7a7,,
il Buco Vita,,https://www.google.com/maps/place/il+Buco+Vita/data=!4m2!3m1!1s0x89c259853ea7e84b:0x2a630772cafdeaa3,,
Mil Mundos Books,,https://www.google.com/maps/place/Mil+Mundos+Books/data=!4m2!3m1!1s0x89c25d6d85bea67f:0x968c8c0c652f9e68,,
Mama Yoshi Mini Mart,,https://www.google.com/maps/place/Mama+Yoshi+Mini+Mart/data=!4m2!3m1!1s0x89c25d299bf4c017:0xe4c24c60ae518260,,
grace land new york,,https://www.google.com/maps/place/grace+land+new+york/data=!4m2!3m1!1s0x89c25da91dbd4617:0xeb9a13f14eecd5ec,,
Brooklyn Vintage Company,,https://www.google.com/maps/place/Brooklyn+Vintage+Company/data=!4m2!3m1!1s0x89c25dbce8e6a8c3:0x899d95bedb6db0df,,
Saint Seneca Store,,https://www.google.com/maps/place/Saint+Seneca+Store/data=!4m2!3m1!1s0x89c25c214c7379f5:0xec0f2db303581744,,
BQ Flea,,https://www.google.com/maps/place/BQ+Flea/data=!4m2!3m1!1s0x89c25962787cb181:0x25431be129c0e5f2,,
Bushwick Ceramics,,https://www.google.com/maps/place/Bushwick+Ceramics/data=!4m2!3m1!1s0x89c25d9ae9f7b7b5:0x2116d1a9b07d6b10,,
Bushwick Ceramics,,https://www.google.com/maps/place/Bushwick+Ceramics/data=!4m2!3m1!1s0x89c25dc0841f0185:0x13facc09b9fdf59c,,
Gagosian,,https://www.google.com/maps/place/Gagosian/data=!4m2!3m1!1s0x89c2595150c3866b:0x27035899de2fb35c,,
Gagosian,,https://www.google.com/maps/place/Gagosian/data=!4m2!3m1!1s0x89c259b7ef7758bb:0x56a2ca970c0f3692,,
Gagosian,,https://www.google.com/maps/place/Gagosian/data=!4m2!3m1!1s0x89c259b7ef7758bb:0xb8368e4cade80f23,,
Scratch Ceramics,,https://www.google.com/maps/place/Scratch+Ceramics/data=!4m2!3m1!1s0x89c25f003fe9be85:0x5556554c261a9f0d,,
Rolo’s,,https://www.google.com/maps/place/Rolo%E2%80%99s/data=!4m2!3m1!1s0x89c25d083d684859:0xc59c8c9aa3f0c062,,
Deep Cuts Record Store,,https://www.google.com/maps/place/Deep+Cuts+Record+Store/data=!4m2!3m1!1s0x89c25c26f16f4271:0x1902b6738c5d4d4b,,
Hi-node,,https://www.google.com/maps/place/Hi-node/data=!4m2!3m1!1s0x89c25da33f41b4eb:0xa87d05c05624f0c2,,
Lichen,,https://www.google.com/maps/place/Lichen/data=!4m2!3m1!1s0x89c25bdb81b87ea7:0x971a68a09d2c3a06,,
Salty Lunch Lady's Little Luncheonette,,https://www.google.com/maps/place/Salty+Lunch+Lady's+Little+Luncheonette/data=!4m2!3m1!1s0x89c25fe72f275c77:0xcd4b303484518095,,
Left Field Denim & Workwear,,https://www.google.com/maps/place/Left+Field+Denim+%26+Workwear/data=!4m2!3m1!1s0x89c25c27379bc661:0xdbff8338bafc34c2,,
Ridgewood Commons,,https://www.google.com/maps/place/Ridgewood+Commons/data=!4m2!3m1!1s0x89c25fdc947323cb:0xafd1d434266e1fe2,,
Al-Yemeni Market,,https://www.google.com/maps/place/Al-Yemeni+Market/data=!4m2!3m1!1s0x89c25e9e0727ff89:0xa4428d5c5ea10a9,,
Other People's Clothes,,https://www.google.com/maps/place/Other+People's+Clothes/data=!4m2!3m1!1s0x89c25dedc3a9bf79:0x16541b43f0857928,,
Spoonbill & Sugartown Books,,https://www.google.com/maps/place/Spoonbill+%26+Sugartown+Books/data=!4m2!3m1!1s0x89c2595e0435c1c7:0x8df47569003915b5,,
Molasses Books,,https://www.google.com/maps/place/Molasses+Books/data=!4m2!3m1!1s0x89c25c1b340d033f:0xabefec7672fea6a6,,
Topos Bookstore Cafe,,https://www.google.com/maps/place/Topos+Bookstore+Cafe/data=!4m2!3m1!1s0x89c25c2778053eab:0x8c3e75d4cb3de580,,
Mast Books,,https://www.google.com/maps/place/Mast+Books/data=!4m2!3m1!1s0x89c25982c0737a05:0xdb0d0625e12ee084,,
Sweet Pickle Books,,https://www.google.com/maps/place/Sweet+Pickle+Books/data=!4m2!3m1!1s0x89c25bdfe4bd90db:0xd57c2e1e22b8c1c2,,
Dashwood Projects,,https://www.google.com/maps/place/Dashwood+Projects/data=!4m2!3m1!1s0x89c259a83417cb39:0xe6f5f3db71cb31b7,,
Dashwood Books,,https://www.google.com/maps/place/Dashwood+Books/data=!4m2!3m1!1s0x89c2598546b60a1f:0x81a05f64f16939e1,,
McNally Jackson Books Williamsburg,,https://www.google.com/maps/place/McNally+Jackson+Books+Williamsburg/data=!4m2!3m1!1s0x89c25960cd99f0ef:0x66c44fe3027a73b6,,
Harlequin Vintage,,https://www.google.com/maps/place/Harlequin+Vintage/data=!4m2!3m1!1s0x89c25d4da50173a7:0xf4970ea101e1f0f0,,
Ridgewood Antiques,,https://www.google.com/maps/place/Ridgewood+Antiques/data=!4m2!3m1!1s0x89c25e848fa9851d:0x3184ed444af5f0c4,,
Bushwick Market,,https://www.google.com/maps/place/Bushwick+Market/data=!4m2!3m1!1s0x89c25d5eb8d1081b:0xdd30a81def4a6fff,,
Mansions,,https://www.google.com/maps/place/Mansions/data=!4m2!3m1!1s0x89c25f5508d43997:0x525a48941fd6fff2,,
Elsewhere,,https://www.google.com/maps/place/Elsewhere/data=!4m2!3m1!1s0x89c25f48090450ad:0xb4eb4d47330581b2,,
Knockdown Center,,https://www.google.com/maps/place/Knockdown+Center/data=!4m2!3m1!1s0x89c25ea2cb53d0a9:0xe6dd93729a094800,,
Bossa Nova Civic Club,,https://www.google.com/maps/place/Bossa+Nova+Civic+Club/data=!4m2!3m1!1s0x89c25c0588687369:0x4063b78411fa75f3,,
Wonderville,,https://www.google.com/maps/place/Wonderville/data=!4m2!3m1!1s0x89c25dbf7a0a5e67:0xa55f67b3268ab0e4,,
Low Cinema,,https://www.google.com/maps/place/Low+Cinema/data=!4m2!3m1!1s0x89c25dcdf915b687:0xa0fd36597a79610d,,
Metrograph,,https://www.google.com/maps/place/Metrograph/data=!4m2!3m1!1s0x89c25a29b0ecc1e7:0x56ae0ed254bafa79,,
Smalls Jazz Club,,https://www.google.com/maps/place/Smalls+Jazz+Club/data=!4m2!3m1!1s0x89c25994686b9ebb:0xa994b5b6ffd1279,,
MoMA PS1,,https://www.google.com/maps/place/MoMA+PS1/data=!4m2!3m1!1s0x89c259238ac5f6c1:0xb60d34de1767c837,,
Brooklyn Museum,,https://www.google.com/maps/place/Brooklyn+Museum/data=!4m2!3m1!1s0x89c25b0a449c39c9:0xc62355aa46c985fa,,
The Met Cloisters,,https://www.google.com/maps/place/The+Met+Cloisters/data=!4m2!3m1!1s0x89c2f40170f2a62b:0x9191e7fa95df29ad,,
The Frick Collection,,https://www.google.com/maps/place/The+Frick+Collection/data=!4m2!3m1!1s0x89c258eceefd111d:0xd88ef5290f5e20e8,,
Solomon R. Guggenheim Museum,,https://www.google.com/maps/place/Solomon+R.+Guggenheim+Museum/data=!4m2!3m1!1s0x89c258a29a5e9e99:0x4a01c8df6fb3cb8,,
The Noguchi Museum,,https://www.google.com/maps/place/The+Noguchi+Museum/data=!4m2!3m1!1s0x89c258caec1c9d51:0xdf2f973033a2c487,,
About Coffee,,https://www.google.com/maps/place/About+Coffee/data=!4m2!3m1!1s0x89c25938095b82cb:0x37a323410d75bed2,,
Dear Mama,,https://www.google.com/maps/place/Dear+Mama/data=!4m2!3m1!1s0x89c2f74bed466863:0xfb9d8b977ab14206,,
Norma's Corner Shoppe,,https://www.google.com/maps/place/Norma's+Corner+Shoppe/data=!4m2!3m1!1s0x89c25c27d897f43d:0xd86d2a9e1318c9df,,
Nomad Cafe and Eatery,,https://www.google.com/maps/place/Nomad+Cafe+and+Eatery/data=!4m2!3m1!1s0x89c25d8b06ee04f7:0xae03783734f87ace,,
Bakeri Queens,,https://www.google.com/maps/place/Bakeri+Queens/data=!4m2!3m1!1s0x89c25d63615a9711:0xf5c49591077a8ea6,,
Kinship Coffee,,https://www.google.com/maps/place/Kinship+Coffee/data=!4m2!3m1!1s0x89c25fe92c83076f:0xbff631336f9ee7b0,,
International Coffee Shop,,https://www.google.com/maps/place/International+Coffee+Shop/data=!4m2!3m1!1s0x89c25c28fad487b5:0x8fed3f9a2216d310,,
Etta Vintage,,https://www.google.com/maps/place/Etta+Vintage/data=!4m2!3m1!1s0x89c25f8052d7fa93:0x579438e46acab35c,,
